,word_count,word_count,char_count,char_count
,mean,median,mean,median
label,,,,
0,405.1121538964374,378.0,2399.77312415371,2243.0
1,452.1736297431966,390.0,2583.918103998978,2207.0
