{
  "best_model": "linear_svc",
  "validation_leaderboard": [
    {
      "model": "linear_svc",
      "accuracy": 0.9988121752041574,
      "precision": 0.9985811577752554,
      "recall": 0.9991482112436116,
      "f1": 0.9988646040306557,
      "roc_auc": 0.9999946094912189
    },
    {
      "model": "logistic_regression",
      "accuracy": 0.9952487008166295,
      "precision": 0.9963026166097838,
      "recall": 0.9946053378762068,
      "f1": 0.9954532537652743,
      "roc_auc": 0.9998018767100505
    },
    {
      "model": "sgd_classifier",
      "accuracy": 0.9907943578322197,
      "precision": 0.994568324757004,
      "recall": 0.9877910278250994,
      "f1": 0.9911680911680911,
      "roc_auc": 0.9995031895021874
    },
    {
      "model": "multinomial_nb",
      "accuracy": 0.9667409057164068,
      "precision": 0.9698005698005698,
      "recall": 0.966496308915389,
      "f1": 0.9681456200227532,
      "roc_auc": 0.9936827655536945
    }
  ],
  "test_metrics": {
    "accuracy": 0.9991091314031181,
    "precision": 0.9994319795512638,
    "recall": 0.9988646040306557,
    "f1": 0.9991482112436116,
    "roc_auc": 0.9999944326007107
  },
  "dataset_overview": {
    "rows": 44898,
    "fake_rows": 23481,
    "true_rows": 21417,
    "avg_word_count": 429.72,
    "median_word_count": 385.0,
    "subjects": {
      "politicsNews": 11272,
      "worldnews": 10145,
      "News": 9050,
      "politics": 6841,
      "left-news": 4459,
      "Government News": 1570,
      "US_News": 783,
      "Middle-east": 778
    }
  }
}